station_id,station_name,station_group,actual_mean,predicted_mean,mae,rmse
2377, 수서역 5번출구,아침 도착 업무 집중형,1.8226027397260274,1.9304057454938388,1.1844616307223699,1.7168397480162836
2348, 포스코사거리(기업은행),아침 도착 업무 집중형,1.4752283105022832,1.8610616106200513,1.0530461136278126,1.6904067732125212
