analysis_rank,station_id,station_name,station_group,actual_mean,predicted_mean,mae,rmse,bias_mean
1,2377, 수서역 5번출구,아침 도착 업무 집중형,1.8226027397260274,1.9304057454938388,1.1844616307223699,1.7168397480162836,-0.10780300576781138
2,2348, 포스코사거리(기업은행),아침 도착 업무 집중형,1.4752283105022832,1.8610616106200513,1.0530461136278126,1.6904067732125212,-0.38583330011776823
3,4917,일원에코파크 주차장,주거 도착형,1.1044520547945205,0.8042393918720133,0.8345245474995833,1.2750935675764583,0.30021266292250726
4,2328, 르네상스 호텔 사거리 역삼지하보도 7번출구 앞,업무/상업 혼합형,0.6494292237442922,0.7623032945694597,0.67132525606145,0.9463613608677859,-0.11287407082516746
5,2359," 국립국악중,고교 정문 맞은편",외곽 주거형,0.7621004566210046,0.7897884401863963,0.6682608838631556,0.9393389791654911,-0.0276879835653917
