station_group,model,split,rmse,mae,r2
생활권 혼합형,LinearRegression,validation_2024,0.8045438007906021,0.5664006344945766,0.18951352819551248
생활권 혼합형,LightGBM_RMSE,validation_2024,0.789534049754357,0.548148132266982,0.21947267221218247
생활권 혼합형,LightGBM_RMSE,test_2025_refit,0.6881555378858879,0.4882456333209017,0.1848006729185412
