station_group,model,split,rmse,mae,r2
외곽 주거형,LinearRegression,validation_2024,0.8154213134206083,0.5398383904985937,0.2838427889209888
외곽 주거형,LightGBM_RMSE,validation_2024,0.7893794909842331,0.4903435047777488,0.32885566452990633
외곽 주거형,LightGBM_RMSE,test_2025_refit,0.7145121633323482,0.4426599045900309,0.3810608307243307
