station_group,model,split,rmse,mae,r2
주거 도착형,LinearRegression,validation_2024,0.8618709582155972,0.5464658729437338,0.3343100126305585
주거 도착형,LightGBM_RMSE,validation_2024,0.8229356853952254,0.5122235494510404,0.3930969478709959
주거 도착형,LightGBM_RMSE,test_2025_refit,0.8059480607316193,0.5052624713882982,0.5021691104909984
