station_group,model,split,rmse,mae,r2
아침 도착 업무 집중형,LinearRegression,validation_2024,1.744798663741412,1.0589239080483128,0.57077693600429
아침 도착 업무 집중형,LightGBM_RMSE,validation_2024,1.5625440001053106,0.9198525929564759,0.6557634966170538
아침 도착 업무 집중형,LightGBM_RMSE,test_2025_refit,1.3324187811779165,0.7868226843074246,0.6471475090237315
