station_group,model,split,rmse,mae,r2
업무/상업 혼합형,LinearRegression,validation_2024,0.9064778134105769,0.6307591237569179,0.2932319203158338
업무/상업 혼합형,LightGBM_RMSE,validation_2024,0.8933641576743665,0.6033927364878703,0.3135330741583222
업무/상업 혼합형,LightGBM_RMSE,test_2025_refit,0.8084849003231153,0.5403366567787666,0.32588415616592137
