split,rmse,mae,r2
train,0.93821482532986,0.5965822728979787,0.5436209910487537
valid,0.9939069462911321,0.635510942558142,0.4889709176084037
test,0.9113346143767228,0.5990487774479497,0.4636479029639641
