station_id,station_name,rental_best_feature_set,rental_valid_r2,rental_baseline_valid_r2,rental_delta_r2,rental_delta_rmse,rental_comment,return_best_feature_set,return_valid_r2,return_baseline_valid_r2,return_delta_r2,return_delta_rmse,return_comment,combined_best_feature_set,combined_valid_r2
2306, 압구정역 2번 출구 옆,baseline_plus_weekday,0.3788381321282599,0.3770307698726607,0.0018073622555991875,-0.0024023723540966824,거의 변화 없음,baseline_plus_weekday,0.5665829618345675,0.557578652823945,0.009004309010622435,-0.017598588834207618,소폭 개선됨,baseline_plus_weekday,0.4727105469814137
2335, 3호선 매봉역 3번출구앞,baseline_plus_weekday,0.5492312349463305,0.5365417489324993,0.012689486013831242,-0.024921237462876,소폭 개선됨,baseline_plus_weekday,0.5451699360324602,0.5397059285569588,0.0054640074755014645,-0.010966254070669423,소폭 개선됨,baseline_plus_weekday,0.5472005854893953
2348, 포스코사거리(기업은행),baseline_plus_rush_hour,0.663773450649253,0.6637716386157664,1.8120334865923127e-06,-5.318174150836796e-06,거의 변화 없음,all_extended,0.7106089259207407,0.6701884805632062,0.04042044535753442,-0.15670789411206298,개선 폭이 뚜렷함,all_extended,0.6849163510758022
2375, 수서역 1번출구 앞,baseline_plus_weekday,0.48377125552760103,0.4757349249344953,0.008036330593105712,-0.011617873547206115,소폭 개선됨,baseline_plus_weekday,0.47919262891316494,0.4750758367979312,0.004116792115233747,-0.006339740306229302,거의 변화 없음,baseline_plus_weekday,0.481481942220383
2377, 수서역 5번출구,baseline_plus_month_day_type,0.4759527355034243,0.45171039934062107,0.024242336162803246,-0.04176653950784015,개선 폭이 뚜렷함,baseline_plus_month_day_type,0.5986333931646315,0.5775437306498878,0.021089662514743646,-0.05276250964779461,개선 폭이 뚜렷함,baseline_plus_month_day_type,0.5372930643340279
2384, 자곡사거리,baseline_plus_weekday,0.4966132305786104,0.48781845628474374,0.008794774293866658,-0.015191853357069185,소폭 개선됨,all_extended,0.4901863318916755,0.4490334591888495,0.04115287270282597,-0.07220873848864207,개선 폭이 뚜렷함,all_extended,0.4895766547969755
