station_group,actual_mean,predicted_mean,mae,rmse
아침 도착 업무 집중형,1.1462328767123289,1.223656471272956,0.7552272092652849,1.3049460517051052
업무/상업 혼합형,0.5213089802130898,0.5717660374678374,0.533469245322223,0.8000512835778055
주거 도착형,0.555441400304414,0.5365800132796443,0.5023803988231191,0.8015339754687039
생활권 혼합형,0.4141552511415525,0.45192601190673926,0.48525222177160937,0.6872503783615469
외곽 주거형,0.45856164383561643,0.4849639690959076,0.4507671565783283,0.7193412362872099
