station_group,actual_mean,predicted_mean,mae,rmse
아침 도착 업무 집중형,1.1462328767123289,1.2295131774960781,0.7572486681031452,1.3090858852039933
업무/상업 혼합형,0.5213089802130898,0.5716800163800801,0.5335297841948898,0.7999940560139798
주거 도착형,0.555441400304414,0.5356332931563793,0.5029197938054624,0.8039307793059527
생활권 혼합형,0.4141552511415525,0.4511299213000124,0.48533193077501596,0.6875639330320406
외곽 주거형,0.45856164383561643,0.48492895824456944,0.4511023976637639,0.7195580220466098
