split,rmse,mae,r2
train,0.7262025011070239,0.4812985504312525,0.726576046151348
valid,0.7341829941753597,0.4802865798483871,0.7211550355614416
test,0.6497354606519966,0.4335032709038223,0.7273739251396396
