station_group,model,split,rmse,mae,r2
아침 도착 업무 집중형,LinearRegression,validation_2024,1.7611831135460698,1.0588764422325447,0.5626778888564927
아침 도착 업무 집중형,LightGBM_RMSE,validation_2024,1.5660300067592474,0.9266826323062946,0.654225812760366
아침 도착 업무 집중형,LightGBM_RMSE,test_2025_refit,1.3462175955651654,0.8041529778595033,0.6398012331795984
