station_group,model,split,rmse,mae,r2
외곽 주거형,LinearRegression,validation_2024,0.8213666502116095,0.5333956565629263,0.27336153757141834
외곽 주거형,LightGBM_RMSE,validation_2024,0.7851781017933077,0.488695698536986,0.3359808424905453
외곽 주거형,LightGBM_RMSE,test_2025_refit,0.7159992483144176,0.44250023623233464,0.3784818040766399
