station_group,model,split,rmse,mae,r2
주거 도착형,LinearRegression,validation_2024,0.868711569897848,0.5475776431457766,0.3237010044682994
주거 도착형,LightGBM_RMSE,validation_2024,0.8262909129528347,0.5115023896311223,0.3881379965905686
주거 도착형,LightGBM_RMSE,test_2025_refit,0.8087748469664028,0.5058854718944175,0.49867079715692375
