station_group,model,split,rmse,mae,r2
업무/상업 혼합형,LinearRegression,validation_2024,0.9207379214150057,0.6376996494344522,0.27082019916497646
업무/상업 혼합형,LightGBM_RMSE,validation_2024,0.8986717104213408,0.6091546147415714,0.30535212703093084
업무/상업 혼합형,LightGBM_RMSE,test_2025_refit,0.8113158863663791,0.5439446342098158,0.3211549304553857
