station_group,model,split,rmse,mae,r2
생활권 혼합형,LinearRegression,validation_2024,0.810093410394319,0.5709163763647711,0.1782937628325243
생활권 혼합형,LightGBM_RMSE,validation_2024,0.7898162941730247,0.5516746732665728,0.21891452311517312
생활권 혼합형,LightGBM_RMSE,test_2025_refit,0.6901036687331119,0.49281603872675767,0.1801785699152555
