station_group,model,split,rmse,mae,r2
아침 도착 업무 집중형,LinearRegression,validation_2024,1.7364160404384696,1.0511381685851016,0.574891304350461
아침 도착 업무 집중형,LightGBM_RMSE,validation_2024,1.5622713070787662,0.922336864008871,0.6558836374935202
아침 도착 업무 집중형,LightGBM_Poisson,validation_2024,1.5415504045249024,0.9006327525302641,0.6649513521565789
아침 도착 업무 집중형,LightGBM_Poisson,test_2025_refit,1.3189032088559514,0.7745139184383719,0.6542696179410719
