k,inertia,silhouette
5,1226.231541687011,0.15764078899254785
6,1146.2902214976693,0.15181844758980423
7,1087.4650640824352,0.14659579293395902
