model,split,rmse,mae,r2,exact_match_hits_rounded,exact_match_rate_rounded,tolerance_1_accuracy_rounded,bucket_accuracy_0_1_2_3plus,n_samples
baseline_single_regressor,validation_2024,1.023285102015872,0.7141303313111125,0.1648487415894585,4436,0.5050091074681239,0.873747723132969,0.5125227686703097,8784
two_stage_tuned,validation_2024,1.187566469285329,0.6827387135611762,-0.12483207266388008,4994,0.5685336976320583,0.8376593806921676,0.5688752276867031,8784
