model,split,rmse,mae,r2,exact_match_hits_rounded,exact_match_rate_rounded,tolerance_1_accuracy_rounded,bucket_accuracy_0_1_2_3plus,n_samples
baseline_single_regressor,validation_2024,0.9241127333519623,0.6333243106112479,0.25613100012929746,4756,0.5414389799635702,0.9081284153005464,0.549408014571949,8784
two_stage_tuned,validation_2024,1.0767825004165503,0.5803621759400607,-0.009956175681615997,5429,0.6180555555555556,0.8765938069216758,0.6198770491803278,8784
