model,split,rmse,mae,r2,exact_match_hits_rounded,exact_match_rate_rounded,tolerance_1_accuracy_rounded,bucket_accuracy_0_1_2_3plus,n_samples
baseline_single_regressor,test_2025,0.9347584181076845,0.6563184491780732,0.31254673155303636,4563,0.5208904109589041,0.9004566210045662,0.529337899543379,8760
two_stage_tuned,test_2025,1.2091836218527456,0.6863157480093203,-0.15034715689721967,5034,0.5746575342465754,0.8304794520547946,0.5762557077625571,8760
