model,split,rmse,mae,r2,exact_match_hits_rounded,exact_match_rate_rounded,tolerance_1_accuracy_rounded,bucket_accuracy_0_1_2_3plus,n_samples
baseline_single_regressor,test_2025,0.8535327143912294,0.588513566078737,0.16701036182320628,5079,0.5797945205479452,0.9238584474885845,0.5824200913242009,8760
two_stage_tuned,test_2025,0.9631694582223823,0.48941131216799566,-0.0607295354161157,5880,0.6712328767123288,0.8921232876712328,0.6715753424657535,8760
