station_id,avg_test_r2
2335,0.5459627953101485
2377,0.45559925579941823
2306,0.4316287461645835
2332,0.4045784203825218
2404,0.3406112157249706
