target,mean_r2,median_r2,min_r2,max_r2,mean_rmse,mean_mae
bike_change_from_predictions,0.15507239475917847,0.08760491125060485,-0.0789513924254452,0.6228900000579087,1.7200061376718039,1.1706346041895022
rental_count,0.3497882625224304,0.32826492651687067,0.2039982955183,0.5847712637685701,1.4124316655524898,0.9888865770947532
return_count,0.3780610136898861,0.3493132740098974,0.2190880433349865,0.6441103712692613,1.51614055933599,1.0561732744952492
