model,feature_variant,feature_count,dropped_corr_features,train_rows,eval_rows,rmse,mae,r2,nrmse_std,nmae_std,notes
lightgbm_balanced,compact_safe_with_cluster,25,4,140000,1568112,0.9751785700546491,0.5806288072814405,0.4116430138232555,0.7670443182630201,0.4567040758700271,lightgbm balanced
lightgbm_leafy,compact_safe_with_cluster,25,4,140000,1568112,0.9800155028074455,0.5848897898726501,0.40579198094762736,0.7708488950859551,0.4600556286903703,lightgbm leafy
extra_trees,compact_safe_with_cluster,25,4,120000,1568112,0.9811760564711377,0.5916762877630739,0.4043838019615259,0.7717617495324227,0.4653936711859738,extra trees
histgbm_deep,compact_safe_with_cluster,25,4,140000,1568112,0.9826025648292198,0.578602584878191,0.40265063873751405,0.7728837954475214,0.4551103140404756,histgbm deeper trees
xgboost_balanced,compact_safe_with_cluster,25,4,140000,1568112,0.9829028248786926,0.5838119983673096,0.40228551626205444,0.7731199704128271,0.4592078723144306,xgboost balanced
histgbm_balanced,compact_safe_with_cluster,25,4,140000,1568112,0.9840030600971399,0.579142884899725,0.4009466310898665,0.7739853802966964,0.45553529678148447,histgbm balanced
random_forest,compact_safe_with_cluster,25,4,120000,1568112,0.9848910428088272,0.6053165147967231,0.39986494938192085,0.7746838391376012,0.4761226381334242,random forest
xgboost_regularized,compact_safe_with_cluster,25,4,140000,1568112,0.9884057641029358,0.5858451128005981,0.3955739736557007,0.7774484066555,0.46080705519469545,xgboost regularized
