cluster,cluster_name,model,train_rows,eval_rows,rmse,mae,r2,nrmse_std,nmae_std,feature_set
0,업무/상업 혼합형,hist_gbm_tuned,180000,429240,1.082359959566976,0.6277274335828291,0.21377578967717337,0.8866928500460725,0.5142479839686116,enhanced_no_cluster
1,아침 도착 업무 집중형,hist_gbm_tuned,52128,26280,1.7241675201087987,0.9904731008377584,0.6737228378976639,0.571206759503366,0.3281380281824852,enhanced_no_cluster
2,주거 도착형,hist_gbm_tuned,180000,280320,1.1783436412899964,0.6992557269102886,0.22357880280793663,0.8811476591310128,0.5228929196125042,enhanced_no_cluster
3,생활·상권 혼합형,hist_gbm,150000,534360,1.0075181812853247,0.5931457983359296,0.06857929646753569,0.965101395467059,0.5681742010443326,enhanced_no_cluster
4,외곽 주거형,hist_gbm_tuned,180000,166440,0.9352036487512299,0.5447384762409623,0.15334463463588777,0.920138775057389,0.5359634716184896,enhanced_no_cluster
