target,best_model,feature_set,metric_scope,rmse,mae,r2,nrmse_std,nmae_std
bike_count_index,ridge,basic,all_hours,1.6538975238800049,1.0867326259613037,0.9999997019767761,0.0005274764570693366,0.00034659092661252106
bike_change,hist_gbm_tuned,enhanced,all_hours,1.0542862354346993,0.5870358615183356,0.20566570366949954,0.891254338744278,0.4962582655373269
