target,best_model,feature_set,train_rmse,valid_rmse,test_rmse,train_mae,valid_mae,test_mae,train_r2,valid_r2,test_r2,valid_minus_train_rmse,test_minus_valid_rmse
bike_change,lightgbm_leafy,enhanced,1.0669540770022876,1.1138456543670847,1.043379077378734,0.6024926990567537,0.6342601060354413,0.5828034216939321,0.24568995263742932,0.22404066410948875,0.22201631685905143,0.0468915773647971,-0.0704665769883508
bike_count_index,gbm,basic,1.9643205982660608,431.7656563638983,335.4758828655067,1.2800589517460572,59.662990779598715,43.3364810852168,0.9999928912442514,0.9525444665814417,0.988552475651385,429.80133576563225,-96.28977349839158
