cluster,station_group,model,split,rmse,mae,r2,sign_accuracy
4,외곽 주거형,LinearRegression,train_2023,0.8375528231369787,0.5597710525691935,0.4665842173492011,0.7516294227188082
4,외곽 주거형,LinearRegression,validation_2024,0.806340850252711,0.5397598531554677,0.48909559709113637,0.7528460837887068
4,외곽 주거형,LightGBM_RMSE,train_2023,0.628409624363948,0.3997713938961515,0.6997195186476575,0.9064633767846059
4,외곽 주거형,LightGBM_RMSE,validation_2024,0.7887395442580173,0.48774930744085326,0.5111568305773186,0.8901411657559198
4,외곽 주거형,LightGBM_RMSE,train_full_refit,0.6764970758828489,0.42537582068649044,0.6462275669121047,0.9053100061387355
4,외곽 주거형,LightGBM_RMSE,test_2025_refit,0.8638009659376112,0.5986112440967621,0.5501726832429965,0.8872206703910615
