cluster,station_group,model,split,rmse,mae,r2,sign_accuracy
0,업무/상업 혼합형,LinearRegression,train_2023,0.9745246475151422,0.6615270380909731,0.45938863743510283,0.7884854127870887
0,업무/상업 혼합형,LinearRegression,validation_2024,0.9042483678734523,0.6322128246114695,0.4420448732575033,0.7839253187613844
0,업무/상업 혼합형,LightGBM_RMSE,train_2023,0.738396860006042,0.5124166257559648,0.6896303857278945,0.9068513345747983
0,업무/상업 혼합형,LightGBM_RMSE,validation_2024,0.8934749967474429,0.6021309871297256,0.45526082028083736,0.8827413479052824
0,업무/상업 혼합형,LightGBM_RMSE,train_full_refit,0.788271275530762,0.5428147297795919,0.6139303332376483,0.8971953652547575
0,업무/상업 혼합형,LightGBM_RMSE,test_2025_refit,1.0961266476895069,0.619596433869851,0.2659991053129823,0.9078018311607697
