cluster,station_group,model,split,rmse,mae,r2,sign_accuracy
3,생활권 혼합형,LinearRegression,train_2023,0.8306191503757487,0.5858846806288178,0.4710571188537087,0.8170779019242707
3,생활권 혼합형,LinearRegression,validation_2024,0.8032667318468866,0.5695860739647371,0.45249558589166006,0.8230494839101397
3,생활권 혼합형,LightGBM_RMSE,train_2023,0.6622629551510001,0.4663433695049796,0.6637472674439049,0.9023122284295468
3,생활권 혼합형,LightGBM_RMSE,validation_2024,0.7939576164739756,0.5504722500299519,0.46511218775948526,0.8921903460837887
3,생활권 혼합형,LightGBM_RMSE,train_full_refit,0.7013887848740913,0.48849168363870765,0.6035039819845656,0.8958908839779005
3,생활권 혼합형,LightGBM_RMSE,test_2025_refit,0.653439335923107,0.4525131676741575,0.46836475100480524,0.9156191806331471
