cluster,station_group,model,split,rmse,mae,r2,sign_accuracy
1,아침 도착 업무 집중형,LinearRegression,train_2023,1.6958339741366348,1.0604302791134732,0.47923352159447363,0.7120189323401613
1,아침 도착 업무 집중형,LinearRegression,validation_2024,1.7049614570305816,1.0415697846199012,0.4931185483883088,0.7045765027322405
1,아침 도착 업무 집중형,LightGBM_RMSE,train_2023,1.0774765653932108,0.7215807931164535,0.7897712905488491,0.8672408441961514
1,아침 도착 업무 집중형,LightGBM_RMSE,validation_2024,1.5596040945074425,0.9204897293667822,0.5758631550456003,0.8460078931390407
1,아침 도착 업무 집중형,LightGBM_RMSE,train_full_refit,1.2025641246769139,0.7832023518498737,0.7431229424862176,0.8709330877839165
1,아침 도착 업무 집중형,LightGBM_RMSE,test_2025_refit,1.5716224057088763,0.9531242452166702,0.6242592349900427,0.8639432029795159
