cluster,station_group,model,split,rmse,mae,r2,sign_accuracy
2,주거 도착형,LinearRegression,train_2023,0.8030801553061871,0.5233914555219068,0.46687463667557527,0.7943435754189944
2,주거 도착형,LinearRegression,validation_2024,0.8532297310490099,0.5455000582345143,0.46910887576311455,0.7905661809350334
2,주거 도착형,LightGBM_RMSE,train_2023,0.596526273247095,0.3951522697769117,0.7058487429825293,0.9275682805710739
2,주거 도착형,LightGBM_RMSE,validation_2024,0.8414892870541058,0.5157090302705036,0.483618485404656,0.9021326654523376
2,주거 도착형,LightGBM_RMSE,train_full_refit,0.658522359294289,0.4351614788941529,0.6641998321814188,0.9270257826887661
2,주거 도착형,LightGBM_RMSE,test_2025_refit,0.8665486376202511,0.5753876194625728,0.5278602993425687,0.9009543761638734
