model,split,rmse,mae,r2,exact_match_hits_rounded,exact_match_rate_rounded,bucket_accuracy_0_1_2_3plus,n_samples
soft_voting_ensemble,test_2025,0.9318199905078017,0.6542570923133283,0.3168619783978376,4566,0.5212328767123288,0.5294520547945205,8760
lightgbm,test_2025,0.9347584181076845,0.6563184491780732,0.31254673155303636,4563,0.5208904109589041,0.529337899543379,8760
xgboost,test_2025,0.9383321992926754,0.6561596686668436,0.3072801215738157,4592,0.5242009132420091,0.5328767123287671,8760
random_forest,test_2025,0.9463733363640492,0.6730230593607306,0.2953565769152283,4440,0.5068493150684932,0.5165525114155252,8760
