model,split,rmse,mae,r2,exact_match_hits_rounded,exact_match_rate_rounded,bucket_accuracy_0_1_2_3plus,n_samples
soft_voting_ensemble,test_2025,0.8530353227558832,0.588688157407303,0.16798091948171212,5070,0.5787671232876712,0.5811643835616438,8760
lightgbm,test_2025,0.8535327143912294,0.588513566078737,0.16701036182320628,5079,0.5797945205479452,0.5824200913242009,8760
xgboost,test_2025,0.8663575318928105,0.5977893113160969,0.14179000751658022,5007,0.5715753424657535,0.5739726027397261,8760
random_forest,test_2025,0.8794498874672793,0.6245066210045662,0.11565555643857228,4806,0.5486301369863014,0.5519406392694064,8760
