model,split,rmse,mae,r2,exact_match_hits_rounded,exact_match_rate_rounded,bucket_accuracy_0_1_2_3plus,n_samples
random_forest,validation_2024,0.9212857410525068,0.6470362021857923,0.2606752409027292,4600,0.52367941712204,0.5322176684881603,8784
xgboost,validation_2024,0.9227133680740367,0.6377862462745302,0.2583821460590292,4718,0.5371129326047359,0.5453096539162113,8784
lightgbm,validation_2024,0.9241127333519623,0.6333243106112479,0.25613100012929746,4756,0.5414389799635702,0.549408014571949,8784
