model,split,rmse,mae,r2,exact_match_hits_rounded,exact_match_rate_rounded,bucket_accuracy_0_1_2_3plus,n_samples
random_forest,validation_2024,1.0199647001374172,0.7179510473588342,0.17025982157564234,4336,0.4936247723132969,0.5007969034608379,8784
lightgbm,validation_2024,1.023285102015872,0.7141303313111125,0.1648487415894585,4436,0.5050091074681239,0.5125227686703097,8784
xgboost,validation_2024,1.0292080566136295,0.7180002145561464,0.15515275605145618,4394,0.5002276867030966,0.5073998178506375,8784
